<?xml version="1.0" encoding="UTF-8" standalone="no"?>
<pack>
    <snippet attachedevent="true" class="scripts.SceneEvents_0" classname="scripts.SceneEvents_0" desc="Scene Specific Events" description="Scene Specific Events" design="true" drawOrder="0" id="0" name="SceneEvents_0" oid="-1" package="scripts." sceneid="0" shared="false" type="scene">
        <actor default="" defaultValue="" desc="" dropdown="" fullname="2" hidden="false" id="1" name="_2" order="0"/>
        <boolean default="false" defaultValue="false" desc="" dropdown="" fullname="разрешить" hidden="false" id="2" name="_" order="1"/>
        <blocks>
            <receiver blockID="5" id="1"/>
            <receiver blockID="7" id="2"/>
        </blocks>
        <events>
            <event displayName="Created" enabled="true" id="2" name="init" order="2" repeats="true"/>
            <event displayName="Custom Block" enabled="true" id="3" name="event-custom-block" order="7" repeats="true"/>
            <event displayName="On Actor" enabled="true" id="4" name="event-mouse-enter-exit-actor" order="5" repeats="true"/>
            <event displayName="time" enabled="true" id="5" name="event-periodic" order="3" repeats="true"/>
        </events>
    </snippet>
    <snippet actorid="0" attachedevent="true" class="scripts.ActorEvents_0" classname="scripts.ActorEvents_0" desc="Actor Specific Events" description="Actor Specific Events" design="true" drawOrder="0" id="1" name="ActorEvents_0" oid="-1" package="scripts." shared="false" type="actor">
        <list default="list" defaultValue="list" desc="" dropdown="" fullname="по_X" hidden="false" id="1" name="_X" order="0"/>
        <list default="list" defaultValue="list" desc="" dropdown="" fullname="по_y" hidden="false" id="2" name="_y" order="1"/>
        <list default="list" defaultValue="list" desc="" dropdown="" fullname="work_list" hidden="false" id="3" name="_finlist" order="2">
            <number order="0" value="1.0"/>
            <number order="1" value="2.0"/>
            <number order="2" value="3.0"/>
            <number order="3" value="4.0"/>
            <number order="4" value="5.0"/>
            <number order="5" value="6.0"/>
            <number order="6" value="7.0"/>
            <number order="7" value="8.0"/>
            <number order="8" value="9.0"/>
            <number order="9" value="10.0"/>
            <number order="10" value="11.0"/>
            <number order="11" value="12.0"/>
            <number order="12" value="13.0"/>
            <number order="13" value="14.0"/>
            <number order="14" value="0.0"/>
            <number order="15" value="15.0"/>
        </list>
        <boolean default="false" defaultValue="false" desc="" dropdown="" fullname="ход сделан" hidden="false" id="4" name="_" order="3"/>
        <number default="0.0" defaultValue="0.0" desc="" dropdown="" fullname="номер по порядку" hidden="false" id="5" name="_2" order="4"/>
        <list default="list" defaultValue="list" desc="" dropdown="" fullname="end_list" hidden="false" id="11" name="_endlist" order="5">
            <number order="0" value="1.0"/>
            <number order="1" value="2.0"/>
            <number order="2" value="3.0"/>
            <number order="3" value="4.0"/>
            <number order="4" value="5.0"/>
            <number order="5" value="6.0"/>
            <number order="6" value="7.0"/>
            <number order="7" value="8.0"/>
            <number order="8" value="9.0"/>
            <number order="9" value="10.0"/>
            <number order="10" value="11.0"/>
            <number order="11" value="12.0"/>
            <number order="12" value="13.0"/>
            <number order="13" value="14.0"/>
            <number order="14" value="15.0"/>
            <number order="15" value="0.0"/>
        </list>
        <boolean default="false" defaultValue="false" desc="" dropdown="" fullname="work=end" hidden="false" id="12" name="_workend" order="7"/>
        <number default="0" defaultValue="0" desc="" dropdown="" fullname="там_где_0" hidden="false" id="13" name="_0" order="6"/>
        <text default="" defaultValue="" desc="" dropdown="" fullname="text_end" hidden="false" id="14" name="_textend" order="8"/>
        <boolean default="false" defaultValue="false" desc="" dropdown="" fullname="по клаве" hidden="false" id="15" name="_3" order="9"/>
        <blocks>
            <receiver blockID="14" id="1"/>
            <receiver blockID="16" id="2"/>
            <receiver blockID="17" id="3"/>
            <receiver blockID="16" id="4"/>
            <receiver blockID="17" id="5"/>
            <receiver blockID="17" id="6"/>
        </blocks>
        <events>
            <event displayName="On Actor" enabled="true" id="3" name="event-mouse-enter-exit-actor" order="21" repeats="false"/>
            <event displayName="Created" enabled="true" id="4" name="init" order="7" repeats="true"/>
            <event displayName="Drawing" enabled="true" id="5" name="draw" order="17" repeats="true"/>
            <event displayName="получить номера" enabled="true" id="8" name="event-custom-block" order="28" repeats="true"/>
            <event displayName="After N secs" enabled="true" id="10" name="event-delay" order="13" repeats="true"/>
            <event displayName="конец игры" enabled="true" id="11" name="event-custom" order="30" repeats="true"/>
        </events>
    </snippet>
    <snippet actorid="2" attachedevent="true" class="scripts.ActorEvents_2" classname="scripts.ActorEvents_2" desc="Actor Specific Events" description="Actor Specific Events" design="true" drawOrder="0" id="2" name="ActorEvents_2" oid="-1" package="scripts." shared="false" type="actor">
        <actor default="" defaultValue="" desc="" dropdown="" fullname="02" hidden="false" id="1" name="_02" order="0"/>
        <blocks>
            <receiver blockID="4" id="1"/>
            <receiver blockID="6" id="2"/>
        </blocks>
        <events>
            <event displayName="Drawing" enabled="false" id="2" name="draw" order="2" repeats="true"/>
        </events>
    </snippet>
    <snippet attachedevent="false" class="scripts.Design_4_4_RandomList" classname="scripts.Design_4_4_RandomList" desc="" description="" design="true" drawOrder="0" id="4" name="Random_List" oid="-1" package="scripts" shared="false" type="scene">
        <number default="0.0" defaultValue="0.0" desc="" dropdown="" fullname="Size of the field" hidden="true" id="1" name="_Sizeofthefield" order="0"/>
        <number default="0" defaultValue="0" desc="" dropdown="" fullname="number_anim" hidden="true" id="2" name="_numberanim" order="1"/>
        <list default="list" defaultValue="list" desc="" dropdown="" fullname="random_list" hidden="true" id="3" name="_randomlist" order="2"/>
        <animation default="" defaultValue="" desc="" dropdown="" fullname="anim_actor" hidden="true" id="4" name="_animactor" order="3"/>
        <number default="0.0" defaultValue="0.0" desc="" dropdown="" fullname="item" hidden="true" id="5" name="_item" order="4"/>
        <text default="" defaultValue="" desc="" dropdown="" fullname="text data" hidden="true" id="6" name="_textdata" order="5"/>
        <blocks>
            <receiver blockID="11" id="1"/>
        </blocks>
        <events>
            <event displayName="Created" enabled="true" id="1" name="init" order="1" repeats="true"/>
            <event displayName="After N secs" enabled="true" id="3" name="event-delay" order="2" repeats="true"/>
        </events>
    </snippet>
    <snippet attachedevent="true" class="scripts.SceneEvents_1" classname="scripts.SceneEvents_1" desc="Scene Specific Events" description="Scene Specific Events" design="true" drawOrder="0" id="5" name="SceneEvents_1" oid="-1" package="scripts." sceneid="1" shared="false" type="scene">
        <blocks/>
        <events>
            <event displayName="Created" enabled="true" id="4" name="init" order="3" repeats="true"/>
            <event displayName="Drawing" enabled="true" id="5" name="draw" order="6" repeats="true"/>
            <event displayName="Click" enabled="true" id="6" name="event-mouse-press-release" order="4" repeats="true"/>
        </events>
    </snippet>
    <snippet attachedevent="true" class="scripts.SceneEvents_2" classname="scripts.SceneEvents_2" desc="Scene Specific Events" description="Scene Specific Events" design="true" drawOrder="0" id="6" name="SceneEvents_2" oid="-1" package="scripts." sceneid="2" shared="false" type="scene">
        <text default="" defaultValue="" desc="" dropdown="" fullname="заголовок" hidden="false" id="1" name="_" order="0"/>
        <boolean default="false" defaultValue="false" desc="" dropdown="" fullname="нажать или нет" hidden="false" id="2" name="_2" order="1"/>
        <blocks/>
        <events>
            <event displayName="Click" enabled="true" id="4" name="event-mouse-press-release" order="3" repeats="true"/>
        </events>
    </snippet>
    <snippet actorid="20" attachedevent="true" class="scripts.ActorEvents_20" classname="scripts.ActorEvents_20" desc="Actor Specific Events" description="Actor Specific Events" design="true" drawOrder="0" id="8" name="ActorEvents_20" oid="-1" package="scripts." shared="false" type="actor">
        <blocks/>
        <events/>
    </snippet>
    <snippet actorid="29" attachedevent="true" class="scripts.ActorEvents_29" classname="scripts.ActorEvents_29" desc="Actor Specific Events" description="Actor Specific Events" design="true" drawOrder="0" id="11" name="ActorEvents_29" oid="-1" package="scripts." shared="false" type="actor">
        <blocks/>
        <events/>
    </snippet>
    <snippet actorid="32" attachedevent="true" class="scripts.ActorEvents_32" classname="scripts.ActorEvents_32" desc="Actor Specific Events" description="Actor Specific Events" design="true" drawOrder="0" id="12" name="ActorEvents_32" oid="-1" package="scripts." shared="false" type="actor">
        <blocks/>
        <events/>
    </snippet>
    <snippet actorid="39" attachedevent="true" class="scripts.ActorEvents_39" classname="scripts.ActorEvents_39" desc="Actor Specific Events" description="Actor Specific Events" design="true" drawOrder="0" id="13" name="ActorEvents_39" oid="-1" package="scripts." shared="false" type="actor">
        <blocks/>
        <events/>
    </snippet>
</pack>
