<?xml version="1.0" encoding="UTF-8" standalone="no"?>
<pack>
    <actor adamp="0.0" ascale="true" atlasID="0" bodytype="2" continuous="true" desc="" eventsnippetid="1" fixedrot="false" fric="0.2" gid="3" id="0" ignoreg="false" inertia="1.0" ldamp="0.0" mass="1.0" name="ac_1" oid="-1" pausable="true" physicsMode="0" rest="0.0" shared="false" sprite="1" static="false">
        <snippets/>
    </actor>
    <sprite atlasID="0" default="1" defaultAnimation="1" desc="" height="64" id="1" name="ac_1" shared="false" width="64">
        <anim across="1" down="1" durations="100" height="64" id="1" loop="true" name="Анимация 1" numframes="1" originx="32" originy="32" sync="false" version="2" width="64"/>
    </sprite>
    <actor adamp="0.0" ascale="true" atlasID="0" bodytype="2" continuous="true" desc="" eventsnippetid="2" fixedrot="true" fric="0.2" gid="3" id="2" ignoreg="true" inertia="1.0" ldamp="0.0" mass="1.0" name="ac_2" oid="-1" pausable="true" physicsMode="0" rest="0.0" shared="false" sprite="3" static="false">
        <snippets/>
    </actor>
    <sprite atlasID="0" default="0" defaultAnimation="0" desc="" height="64" id="3" name="ac_2" shared="false" width="64">
        <anim across="1" down="1" durations="100" height="64" id="0" loop="true" name="Анимация 0" numframes="1" originx="32" originy="32" sync="false" version="2" width="64"/>
    </sprite>
    <actor adamp="0.0" ascale="true" atlasID="0" bodytype="2" continuous="true" desc="" eventsnippetid="8" fixedrot="true" fric="0.2" gid="3" id="20" ignoreg="true" inertia="1.0" ldamp="0.0" mass="1.0" name="act_4" oid="-1" pausable="true" physicsMode="1" rest="0.0" shared="false" sprite="21" static="false">
        <snippets/>
    </actor>
    <sprite atlasID="0" default="0" defaultAnimation="0" desc="" height="64" id="21" name="act_4" shared="false" width="256">
        <anim across="1" down="1" durations="100" height="64" id="0" loop="true" name="Анимация 0" numframes="1" originx="128" originy="32" sync="false" version="2" width="256"/>
    </sprite>
    <actor adamp="0.0" ascale="true" atlasID="0" bodytype="2" continuous="true" desc="" eventsnippetid="12" fixedrot="true" fric="0.2" gid="3" id="32" ignoreg="true" inertia="1.0" ldamp="0.0" mass="1.0" name="act_5" oid="-1" pausable="true" physicsMode="0" rest="0.0" shared="false" sprite="33" static="false">
        <snippets/>
    </actor>
    <sprite atlasID="0" default="0" defaultAnimation="0" desc="" height="64" id="33" name="act_5" shared="false" width="256">
        <anim across="1" down="1" durations="100" height="64" id="0" loop="true" name="Анимация 0" numframes="1" originx="128" originy="32" sync="false" version="2" width="256"/>
    </sprite>
    <actor adamp="0.0" ascale="true" atlasID="0" bodytype="2" continuous="true" desc="" eventsnippetid="11" fixedrot="true" fric="0.2" gid="3" id="29" ignoreg="true" inertia="1.0" ldamp="0.0" mass="1.0" name="act_7" oid="-1" pausable="true" physicsMode="1" rest="0.0" shared="false" sprite="30" static="false">
        <snippets/>
    </actor>
    <sprite atlasID="0" default="0" defaultAnimation="0" desc="" height="312" id="30" name="act_7" shared="false" width="283">
        <anim across="1" down="1" durations="100" height="312" id="0" loop="true" name="Анимация 0" numframes="1" originx="141" originy="156" sync="false" version="2" width="283"/>
    </sprite>
    <actor adamp="0.0" ascale="true" atlasID="0" bodytype="2" continuous="true" desc="" eventsnippetid="13" fixedrot="true" fric="0.2" gid="3" id="39" ignoreg="true" inertia="1.0" ldamp="0.0" mass="1.0" name="act_8" oid="-1" pausable="true" physicsMode="0" rest="0.0" shared="false" sprite="40" static="false">
        <snippets/>
    </actor>
    <sprite atlasID="0" default="0" defaultAnimation="0" desc="" height="64" id="40" name="act_8" shared="false" width="256">
        <anim across="1" down="1" durations="100" height="64" id="0" loop="true" name="Анимация 0" numframes="1" originx="128" originy="32" sync="false" version="2" width="256"/>
    </sprite>
    <background atlasID="0" desc="" durations="100,100" dx="-0.0" dy="-0.0" height="480" id="31" name="dec_01" numframes="2" oid="-1" repeats="false" resized="false" shared="false" width="320" xpf="1.0" ypf="1.0"/>
    <background atlasID="0" desc="" durations="100,100" dx="-0.0" dy="-0.0" height="480" id="38" name="dec_02" numframes="2" oid="-1" repeats="false" resized="false" shared="false" width="320" xpf="1.0" ypf="1.0"/>
    <font alphabet=" !&quot;#$%&amp;'()*+,-./0123456789:;&lt;=&gt;?@ABCDEFGHIJKLMNOPQRSTUVWXYZ[\]^_`abcdefghijklmnopqrstuvwxyz{|}~ ¡¢£¤¥¦§¨©ª«¬­®¯°±²³´µ¶·¸¹º»¼½¾¿ÀÁÂÃÄÅÆÇÈÉÊËÌÍÎÏÐÑÒÓÔÕÖ×ØÙÚÛÜÝÞßàáâãäåæçèéêëìíîïðñòóôõö÷øùúûüýþÿĀāĂăĄąĆćĈĉĊċČčĎďĐđĒēĔĕĖėĘęĚěĜĝĞğĠġĢģĤĥĦħĨĩĪīĬĭĮįİıĲĳĴĵĶķĸĹĺĻļĽľĿŀŁłŃńŅņŇňŉŊŋŌōŎŏŐőŒœŔŕŖŗŘřŚśŜŝŞşŠšŢţŤťŦŧŨũŪūŬŭŮůŰűŲųŴŵŶŷŸŹźŻżŽžſ" atlasID="0" desc="" height="60" id="13" name="font_24" offsets="0|0|0|,15|0|15,23|0|23,31|0|31,47|0|47,61|0|61,77|0|77,93|0|93,97|0|97,107|0|107,117|0|117,129|0|129,143|0|143,150|0|150,159|0|159,164|0|164,178|0|178,192|0|192,204|0|204,219|0|219,234|0|234,248|0|248,262|0|262,276|0|276,290|0|290,305|0|305,319|0|319,326|0|326,335|0|335,349|0|349,363|0|363,377|0|377,389|0|389,406|0|406,422|0|422,437|0|437,452|0|452,468|0|468,484|0|484,499|0|499,514|0|514,531|0|531,546|0|546,561|0|561,579|0|579,593|0|593,611|0|611,628|0|628,642|0|642,658|0|658,672|0|672,687|0|687,702|0|702,718|0|718,733|0|733,748|0|748,765|0|765,784|0|784,799|0|799,816|0|816,827|0|827,833|0|833,844|0|844,858|0|858,874|0|874,880|0|880,894|0|894,908|0|908,922|0|922,937|0|937,951|0|951,964|0|964,979|0|979,992|0|992,1005|0|1005,1018|0|1018,1033|0|1033,1043|0|1043,1059|0|1059,1072|0|1072,1086|0|1086,1101|0|1101,1115|0|1115,1129|0|1129,1142|0|1142,1155|0|1155,1169|0|1169,1183|0|1183,1199|0|1199,1216|0|1216,1233|0|1233,1248|0|1248,1261|0|1261,1265|0|1265,1279|0|1279,1293|0|1293,1294|0|1294,1305|0|1305,1310|0|1310,1320|0|1320,1321|0|1321,1346|0|1346,1347|0|1347,1348|0|1348,1349|0|1349,1350|0|1350,1351|0|1351,1352|0|1352,1353|0|1353,1354|0|1354,1383|0|1383,1400|0|1400,1416|0|1416,1445|0|1445,1446|0|1446,1447|0|1447,1448|0|1448,1449|0|1449,1450|0|1450,1451|0|1451,1452|0|1452,1453|0|1453,1454|0|1454,1455|0|1455,1456|0|1456,1457|0|1457,1486|0|1486,1515|0|1515,1516|0|1516,1531|0|1531,1539|0|1539,1552|0|1552,1569|0|1569,1581|0|1581,1597|0|1597,1601|0|1601,1614|0|1614,1623|0|1623,1639|0|1639,1651|0|1651,1665|0|1665,1679|0|1679,1688|0|1688,1704|0|1704,1713|0|1713,1722|0|1722,1736|0|1736,1746|0|1746,1756|0|1756,1765|0|1765,1781|0|1781,1795|0|1795,1800|0|1800,1807|0|1807,1815|0|1815,1827|0|1827,1841|0|1841,1856|0|1856,1871|0|1871,1886|0|1886,1897|0|1897,1913|0|1913,1930|0|1930,1946|0|1946,1963|0|1963,1980|0|1980,1996|0|1996,2015|0|2015,2030|0|2030,2046|0|2046,2062|0|2062,2078|0|2078,2094|0|2094,2109|0|2109,2124|0|2124,2139|0|2139,2154|0|2154,2170|0|2170,2187|0|2187,2201|0|2201,2215|0|2215,2229|0|2229,2243|0|2243,2257|0|2257,2270|0|2270,2286|0|2286,2301|0|2301,2316|0|2316,2331|0|2331,2346|0|2346,2361|0|2361,2376|0|2376,2391|0|2391,2405|0|2405,2420|0|2420,2434|0|2434,2448|0|2448,2462|0|2462,2476|0|2476,2493|0|2493,2507|0|2507,2521|0|2521,2535|0|2535,2549|0|2549,2563|0|2563,2576|0|2576,2591|0|2591,2604|0|2604,2618|0|2618,2632|0|2632,2645|0|2645,2659|0|2659,2673|0|2673,2687|0|2687,2701|0|2701,2715|0|2715,2729|0|2729,2744|0|2744,2758|0|2758,2772|0|2772,2786|0|2786,2800|0|2800,2817|0|2817,2832|0|2832,2849|0|2849,2866|0|2866,2880|0|2880,2897|0|2897,2911|0|2911,2927|0|2927,2941|0|2941,2956|0|2956,2971|0|2971,2986|0|2986,3000|0|3000,3015|0|3015,3029|0|3029,3044|0|3044,3058|0|3058,3074|0|3074,3092|0|3092,0|30|3108,17|30|3125,33|30|3141,47|30|3155,63|30|3171,77|30|3185,93|30|3201,107|30|3215,123|30|3231,137|30|3245,153|30|3261,167|30|3275,182|30|3290,197|30|3305,213|30|3321,228|30|3336,243|30|3351,258|30|3366,273|30|3381,288|30|3396,305|30|3413,318|30|3426,336|30|3444,350|30|3458,365|30|3473,379|30|3487,394|30|3502,408|30|3516,423|30|3531,437|30|3545,452|30|3560,465|30|3573,480|30|3588,493|30|3601,511|30|3619,530|30|3638,546|30|3654,559|30|3667,577|30|3685,592|30|3700,607|30|3715,622|30|3730,634|30|3742,648|30|3756,658|30|3766,672|30|3780,684|30|3792,698|30|3806,712|30|3820,727|30|3835,741|30|3849,758|30|3866,772|30|3880,789|30|3897,802|30|3910,819|30|3927,833|30|3941,849|30|3957,864|30|3972,878|30|3986,892|30|4000,906|30|4014,920|30|4028,934|30|4042,949|30|4057,964|30|4072,981|30|4089,998|30|4106,1013|30|4121,1028|30|4136,1043|30|4151,1058|30|4166,1073|30|4181,1087|30|4195,1102|30|4210,1116|30|4224,1131|30|4239,1144|30|4252,1159|30|4267,1172|30|4280,1187|30|4295,1200|30|4308,1216|30|4324,1229|30|4337,1245|30|4353,1259|30|4367,1275|30|4383,1287|30|4395,1302|30|4410,1316|30|4424,1331|30|4439,1345|30|4453,1360|30|4468,1374|30|4482,1389|30|4497,1403|30|4511,1418|30|4526,1433|30|4541,1448|30|4556,1462|30|4570,1479|30|4587,1495|30|4603,1510|30|4618,1527|30|4635,1542|30|4650,1559|30|4667,1574|30|4682,1591|30|4699,1606|30|4714,1623|30|4731,1638|30|4746" oid="-1" prerendered="false" rowHeight="30" shared="false"/>
    <custom-block blocktag="custom-7" blocktype="NORMAL" code="cast(sayToScene(&quot;SceneEvents_0&quot;, &quot;_customBlock_get&quot;), Actor)" desc="" global="false" gui="возвращает_2" id="7" message="get" name="get" oid="-1" return="actor" shared="false" snippetID="0"/>
    <font alphabet=" !&quot;#$%&amp;'()*+,-./0123456789:;&lt;=&gt;?@ABCDEFGHIJKLMNOPQRSTUVWXYZ[\]^_`abcdefghijklmnopqrstuvwxyz{|}~ ¡¢£¤¥¦§¨©ª«¬­®¯°±²³´µ¶·¸¹º»¼½¾¿ÀÁÂÃÄÅÆÇÈÉÊËÌÍÎÏÐÑÒÓÔÕÖ×ØÙÚÛÜÝÞßàáâãäåæçèéêëìíîïðñòóôõö÷øùúûüýþÿĀāĂăĄąĆćĈĉĊċČčĎďĐđĒēĔĕĖėĘęĚěĜĝĞğĠġĢģĤĥĦħĨĩĪīĬĭĮįİıĲĳĴĵĶķĸĹĺĻļĽľĿŀŁłŃńŅņŇňŉŊŋŌōŎŏŐőŒœŔŕŖŗŘřŚśŜŝŞşŠšŢţŤťŦŧŨũŪūŬŭŮůŰűŲųŴŵŶŷŸŹźŻżŽžſ" atlasID="0" desc="" height="50" id="47" name="hud_font" offsets="0|0|0|,13|0|13,16|0|16,23|0|23,36|0|36,47|0|47,60|0|60,73|0|73,76|0|76,82|0|82,88|0|88,99|0|99,112|0|112,117|0|117,124|0|124,129|0|129,140|0|140,151|0|151,161|0|161,172|0|172,183|0|183,195|0|195,206|0|206,217|0|217,228|0|228,239|0|239,250|0|250,255|0|255,260|0|260,273|0|273,286|0|286,299|0|299,309|0|309,322|0|322,335|0|335,347|0|347,358|0|358,369|0|369,380|0|380,390|0|390,401|0|401,412|0|412,422|0|422,432|0|432,444|0|444,455|0|455,468|0|468,479|0|479,490|0|490,502|0|502,513|0|513,525|0|525,536|0|536,549|0|549,560|0|560,573|0|573,586|0|586,599|0|599,612|0|612,624|0|624,630|0|630,641|0|641,647|0|647,660|0|660,673|0|673,680|0|680,691|0|691,702|0|702,713|0|713,724|0|724,735|0|735,746|0|746,757|0|757,768|0|768,779|0|779,787|0|787,798|0|798,809|0|809,821|0|821,832|0|832,843|0|843,854|0|854,865|0|865,875|0|875,885|0|885,896|0|896,907|0|907,919|0|919,932|0|932,945|0|945,957|0|957,967|0|967,976|0|976,979|0|979,988|0|988,1001|0|1001,1002|0|1002,1011|0|1011,1016|0|1016,1024|0|1024,1025|0|1025,1047|0|1047,1048|0|1048,1049|0|1049,1050|0|1050,1051|0|1051,1052|0|1052,1053|0|1053,1054|0|1054,1055|0|1055,1079|0|1079,1093|0|1093,1107|0|1107,1131|0|1131,1132|0|1132,1133|0|1133,1134|0|1134,1135|0|1135,1136|0|1136,1137|0|1137,1138|0|1138,1139|0|1139,1140|0|1140,1141|0|1141,1142|0|1142,1143|0|1143,1167|0|1167,1191|0|1191,1192|0|1192,1205|0|1205,1208|0|1208,1218|0|1218,1229|0|1229,1239|0|1239,1252|0|1252,1255|0|1255,1265|0|1265,1272|0|1272,1285|0|1285,1294|0|1294,1305|0|1305,1318|0|1318,1325|0|1325,1338|0|1338,1345|0|1345,1354|0|1354,1367|0|1367,1374|0|1374,1381|0|1381,1388|0|1388,1400|0|1400,1411|0|1411,1416|0|1416,1422|0|1422,1429|0|1429,1438|0|1438,1449|0|1449,1461|0|1461,1473|0|1473,1485|0|1485,1495|0|1495,1508|0|1508,1521|0|1521,1534|0|1534,1547|0|1547,1560|0|1560,1573|0|1573,1586|0|1586,1597|0|1597,1608|0|1608,1619|0|1619,1630|0|1630,1641|0|1641,1651|0|1651,1661|0|1661,1671|0|1671,1681|0|1681,1693|0|1693,1704|0|1704,1715|0|1715,1726|0|1726,1737|0|1737,1748|0|1748,1759|0|1759,1770|0|1770,1783|0|1783,1794|0|1794,1805|0|1805,1816|0|1816,1827|0|1827,1840|0|1840,1851|0|1851,1863|0|1863,1874|0|1874,1885|0|1885,1896|0|1896,1907|0|1907,1918|0|1918,1929|0|1929,1942|0|1942,1953|0|1953,1964|0|1964,1975|0|1975,1986|0|1986,1997|0|1997,2008|0|2008,2019|0|2019,2030|0|2030,2041|0|2041,2052|0|2052,2063|0|2063,2074|0|2074,2085|0|2085,2096|0|2096,2107|0|2107,2118|0|2118,2131|0|2131,2144|0|2144,2155|0|2155,2166|0|2166,2177|0|2177,2188|0|2188,2200|0|2200,2211|0|2211,2223|0|2223,2236|0|2236,2247|0|2247,2260|0|2260,2271|0|2271,2284|0|2284,2295|0|2295,2306|0|2306,2317|0|2317,2328|0|2328,2339|0|2339,2350|0|2350,2361|0|2361,2372|0|2372,2383|0|2383,2394|0|2394,2409|0|2409,2421|0|2421,2433|0|2433,2444|0|2444,2455|0|2455,2466|0|2466,2477|0|2477,2488|0|2488,2499|0|2499,2510|0|2510,2521|0|2521,2532|0|2532,2543|0|2543,2554|0|2554,2565|0|2565,2576|0|2576,2587|0|2587,2598|0|2598,2609|0|2609,2620|0|2620,2631|0|2631,2642|0|2642,2653|0|2653,2666|0|2666,2678|0|2678,2688|0|2688,2699|0|2699,2709|0|2709,2720|0|2720,2730|0|2730,2741|0|2741,2751|0|2751,2762|0|2762,2772|0|2772,2783|0|2783,2796|0|2796,2809|0|2809,2819|0|2819,2829|0|2829,2841|0|2841,2852|0|2852,2863|0|2863,2875|0|2875,2886|0|2886,2897|0|2897,2908|0|2908,2919|0|2919,2931|0|2931,2942|0|2942,2955|0|2955,2968|0|2968,2980|0|2980,2991|0|2991,3002|0|3002,3013|0|3013,3024|0|3024,3035|0|3035,3046|0|3046,3059|0|3059,3070|0|3070,3081|0|3081,3092|0|3092,3103|0|3103,3114|0|3114,3125|0|3125,3136|0|3136,3147|0|3147,3160|0|3160,3173|0|3173,0|25|3185,10|25|3195,22|25|3207,32|25|3217,44|25|3229,54|25|3239,65|25|3250,75|25|3260,86|25|3271,96|25|3281,107|25|3292,117|25|3302,128|25|3313,138|25|3323,151|25|3336,162|25|3347,175|25|3360,186|25|3371,199|25|3384,210|25|3395,221|25|3406,232|25|3417,243|25|3428,254|25|3439,265|25|3450,276|25|3461,287|25|3472,298|25|3483,309|25|3494,320|25|3505,331|25|3516,343|25|3528,356|25|3541,369|25|3554,382|25|3567,394|25|3579,407|25|3592,419|25|3604,429|25|3614,441|25|3626,451|25|3636,463|25|3648,473|25|3658" oid="-1" prerendered="false" rowHeight="25" shared="false"/>
    <custom-block blocktag="custom-16" blocktype="ACTION" code=".say(&quot;ActorEvents_0&quot;, &quot;_customBlock_number_items&quot;);" desc="" global="false" gui="получить номера" id="16" message="number_items" name="number_items" oid="-1" return="void" shared="false" snippetID="1">
        <blank name="Self" order="0" type="actor"/>
    </custom-block>
    <custom-block blocktag="custom-10" blocktype="ACTION" code="sayToScene(&quot;Random_List&quot;, &quot;_customBlock_random&quot;);" desc="перемешать список" global="false" gui="смешать элементы" id="10" message="random" name="random" oid="-1" return="void" shared="false" snippetID="4"/>
    <custom-block blocktag="custom-37" blocktype="ACTION" code="sayToScene(&quot;Draw HUD&quot;, &quot;_customBlock_RemoveHUDIndex&quot;, []);" desc="Removes the given index from the HUD." global="false" gui="Remove index %0 from the HUD" id="37" message="RemoveHUDIndex" name="RemoveHUDIndex" oid="-1" return="void" shared="false" snippetID="-1">
        <blank name="Index" order="0" type="number"/>
    </custom-block>
    <custom-block blocktag="custom-35" blocktype="NORMAL" code="cast(sayToScene(&quot;Draw HUD&quot;, &quot;_customBlock_ReturnHUDActor&quot;, []), Actor)" desc="Returns a created actor from the Draw HUD behavior." global="false" gui="Get HUD actor with name %0" id="35" message="ReturnHUDActor" name="ReturnHUDActor" oid="-1" return="actor" shared="false" snippetID="-1">
        <blank name="Name" order="0" type="text"/>
    </custom-block>
    <custom-block blocktag="custom-36" blocktype="ACTION" code="sayToScene(&quot;Draw HUD&quot;, &quot;_customBlock_SetHUDIndex&quot;, [, , , ]);" desc="Sets an item to the HUD." global="false" gui="Set index %1 to %0 at x: %2 y: %3 for the HUD" id="36" message="SetHUDIndex" name="SetHUDIndex" oid="-1" return="void" shared="false" snippetID="-1">
        <blank name="Item" order="0" type="text"/>
        <blank name="Index" order="1" type="number"/>
        <blank name="X" order="2" type="number"/>
        <blank name="Y" order="3" type="number"/>
    </custom-block>
    <custom-block blocktag="custom-8" blocktype="NORMAL" code="Number((.say(&quot;Set Z Order Value&quot;, &quot;setZ&quot;)))" desc="Set Z component" global="false" gui="set Z order index" id="8" message="setZ" name="setZ" oid="-1" return="number" shared="false" snippetID="-1">
        <blank name="Self" order="0" type="actor"/>
    </custom-block>
    <music atlasID="0" desc="" id="49" loop="true" name="wiin_2" oid="-1" pan="0" shared="false" stream="false" type="mp3" volume="1"/>
</pack>
