<?xml version="1.0" encoding="UTF-8" standalone="no"?>
<scene depth="1" desc="" eventsnippetid="6" extheight="544" extwidth="384" extx="-32" exty="-32" format="3.4.0" gravx="-0.0" gravy="0.0" height="480" id="2" name="start" revision="" savecount="0" tiled="1" tileh="32" tilew="32" type="standard" width="320">
    <layers>
        <grad-bg b1="255" b2="128" g1="0" g2="0" r1="0" r2="0"/>
        <background blendMode="normal" customScrollFactor="false" id="3" locked="true" name="dec_01" opacity="100" order="1" rid="31" scrollFactorX="1.0" scrollFactorY="1.0" visible="true"/>
        <layer blendMode="normal" color="0,255,0" id="2" locked="false" name="Слой 2" opacity="100" order="0" scrollFactorX="1.0" scrollFactorY="1.0" visible="true"/>
    </layers>
    <joints/>
    <regions/>
    <terrainRegions/>
    <actors>
        <actor a="0.0" aid="1" c="false" group="3" id="20" name="act_4 1" sx="1.0" sy="1.0" x="32" y="87" z="2"/>
    </actors>
    <snippets/>
    <terrain/>
    <atlases members="" retainAtlases="true"/>
</scene>
