<?xml version="1.0" encoding="UTF-8" standalone="no"?>
<scene depth="1" desc="" eventsnippetid="5" extheight="544" extwidth="384" extx="-32" exty="-32" format="3.4.0" gravx="-0.0" gravy="0.0" height="480" id="1" name="win" revision="" savecount="0" tiled="1" tileh="32" tilew="32" type="standard" width="320">
    <layers>
        <color-bg blue="-1" green="-1" red="-1"/>
        <background blendMode="normal" customScrollFactor="false" id="1" locked="true" name="dec_02" opacity="100" order="1" rid="38" scrollFactorX="1.0" scrollFactorY="1.0" visible="true"/>
        <layer blendMode="normal" color="100,168,234" id="0" locked="false" name="Слой 0" opacity="100" order="0" scrollFactorX="1.0" scrollFactorY="1.0" visible="true"/>
    </layers>
    <joints/>
    <regions/>
    <terrainRegions/>
    <actors>
        <actor a="0.0" aid="1" c="false" group="3" id="39" name="act_8 1" sx="1.0" sy="1.0" x="33" y="65" z="0"/>
    </actors>
    <snippets/>
    <terrain/>
    <atlases members="" retainAtlases="true"/>
</scene>
