<?xml version="1.0" encoding="UTF-8" standalone="no"?>
<scene depth="1" desc="" eventsnippetid="0" extheight="544" extwidth="384" extx="-32" exty="-32" format="3.4.0" gravx="-0.0" gravy="0.0" height="480" id="0" name="gam_e" revision="" savecount="0" tiled="1" tileh="32" tilew="32" type="standard" width="320">
    <layers>
        <grad-bg b1="255" b2="255" g1="0" g2="102" r1="0" r2="51"/>
        <layer blendMode="normal" color="100,168,234" id="0" locked="false" name="Слой 0" opacity="100" order="0" scrollFactorX="1.0" scrollFactorY="1.0" visible="true"/>
    </layers>
    <joints/>
    <regions/>
    <terrainRegions/>
    <actors>
        <actor a="0.0" aid="1" c="false" group="3" id="0" name="ac_1 1" sx="1.0" sy="1.0" x="32" y="109" z="0"/>
        <actor a="0.0" aid="2" c="false" group="3" id="0" name="ac_1 2" sx="1.0" sy="1.0" x="96" y="109" z="0"/>
        <actor a="0.0" aid="3" c="false" group="3" id="0" name="ac_1 3" sx="1.0" sy="1.0" x="160" y="109" z="0"/>
        <actor a="0.0" aid="4" c="false" group="3" id="0" name="ac_1 4" sx="1.0" sy="1.0" x="224" y="109" z="0"/>
        <actor a="0.0" aid="5" c="false" group="3" id="0" name="ac_1 5" sx="1.0" sy="1.0" x="32" y="173" z="0"/>
        <actor a="0.0" aid="6" c="false" group="3" id="0" name="ac_1 6" sx="1.0" sy="1.0" x="96" y="173" z="0"/>
        <actor a="0.0" aid="7" c="false" group="3" id="0" name="ac_1 7" sx="1.0" sy="1.0" x="160" y="173" z="0"/>
        <actor a="0.0" aid="8" c="false" group="3" id="0" name="ac_1 8" sx="1.0" sy="1.0" x="224" y="173" z="0"/>
        <actor a="0.0" aid="9" c="false" group="3" id="0" name="ac_1 9" sx="1.0" sy="1.0" x="32" y="237" z="0"/>
        <actor a="0.0" aid="10" c="false" group="3" id="0" name="ac_1 10" sx="1.0" sy="1.0" x="96" y="237" z="0"/>
        <actor a="0.0" aid="11" c="false" group="3" id="0" name="ac_1 11" sx="1.0" sy="1.0" x="160" y="237" z="0"/>
        <actor a="0.0" aid="12" c="false" group="3" id="0" name="ac_1 12" sx="1.0" sy="1.0" x="224" y="237" z="0"/>
        <actor a="0.0" aid="13" c="false" group="3" id="0" name="ac_1 13" sx="1.0" sy="1.0" x="32" y="301" z="0"/>
        <actor a="0.0" aid="14" c="false" group="3" id="0" name="ac_1 14" sx="1.0" sy="1.0" x="96" y="301" z="0"/>
        <actor a="0.0" aid="15" c="false" group="3" id="0" name="ac_1 15" sx="1.0" sy="1.0" x="160" y="301" z="0"/>
        <actor a="0.0" aid="16" c="false" group="3" id="2" name="ac_2 16" sx="1.0" sy="1.0" x="224" y="301" z="0"/>
        <actor a="0.0" aid="18" c="false" group="3" id="29" name="act_7 18" sx="0.9716312" sy="0.8974359" x="19" y="81" z="0"/>
        <actor a="0.0" aid="19" c="false" group="3" id="32" name="act_5 19" sx="1.0" sy="1.0" x="33" y="17" z="0"/>
    </actors>
    <snippets>
        <s enabled="true" id="4">
            <prop id="1" list="0" val="0.0"/>
            <prop id="2" list="0" val="0"/>
            <prop id="3" list="1" val=""/>
            <prop id="4" list="0" val=""/>
            <prop id="5" list="0" val="0.0"/>
            <prop id="6" list="0" val=""/>
        </s>
    </snippets>
    <terrain/>
    <atlases members="" retainAtlases="true"/>
</scene>
